CODIGO,valor,grupo_vigente,patron,recomendacion,propuesta,razon
00-01-0185-46,22202870-73,no_numerico,formato_no_numerico_con_estructura,conservar_y_documentar,Conservar íntegro; interpretar con fuente institucional,"Separadores o texto pueden preservar múltiples contactos, extensiones o estructura histórica útil."
00-01-0188-46,22320559-22320560,no_numerico,formato_no_numerico_con_estructura,conservar_y_documentar,Conservar íntegro; interpretar con fuente institucional,"Separadores o texto pueden preservar múltiples contactos, extensiones o estructura histórica útil."
00-01-0189-46,2517748 2384159,no_numerico,formato_no_numerico_con_estructura,conservar_y_documentar,Conservar íntegro; interpretar con fuente institucional,"Separadores o texto pueden preservar múltiples contactos, extensiones o estructura histórica útil."
00-01-0263-46,22202870-73,no_numerico,formato_no_numerico_con_estructura,conservar_y_documentar,Conservar íntegro; interpretar con fuente institucional,"Separadores o texto pueden preservar múltiples contactos, extensiones o estructura histórica útil."
00-01-0277-46,2202869-2202873,no_numerico,formato_no_numerico_con_estructura,conservar_y_documentar,Conservar íntegro; interpretar con fuente institucional,"Separadores o texto pueden preservar múltiples contactos, extensiones o estructura histórica útil."
00-01-0642-46,230835,numerico_longitud_incorrecta,numerico_longitud_6,requiere_fuente_institucional,Sin transformación automática,La longitud no permite inferir de forma inequívoca un teléfono válido de 8 dígitos.
00-01-0656-46,2232068,numerico_longitud_incorrecta,numerico_longitud_7,requiere_fuente_institucional,Sin transformación automática,La longitud no permite inferir de forma inequívoca un teléfono válido de 8 dígitos.
00-01-0712-46,2267425,numerico_longitud_incorrecta,numerico_longitud_7,requiere_fuente_institucional,Sin transformación automática,La longitud no permite inferir de forma inequívoca un teléfono válido de 8 dígitos.
00-01-0719-46,2223228,numerico_longitud_incorrecta,numerico_longitud_7,requiere_fuente_institucional,Sin transformación automática,La longitud no permite inferir de forma inequívoca un teléfono válido de 8 dígitos.
00-01-0772-46,2232379,numerico_longitud_incorrecta,numerico_longitud_7,requiere_fuente_institucional,Sin transformación automática,La longitud no permite inferir de forma inequívoca un teléfono válido de 8 dígitos.
00-01-2473-46,"25763,26725 Y 21568",no_numerico,formato_no_numerico_con_estructura,conservar_y_documentar,Conservar íntegro; interpretar con fuente institucional,"Separadores o texto pueden preservar múltiples contactos, extensiones o estructura histórica útil."
00-01-3087-46,"25763, 26725 Y 21568",no_numerico,formato_no_numerico_con_estructura,conservar_y_documentar,Conservar íntegro; interpretar con fuente institucional,"Separadores o texto pueden preservar múltiples contactos, extensiones o estructura histórica útil."
00-01-4112-46,"2325732, 2320075, 2307014",no_numerico,formato_no_numerico_con_estructura,conservar_y_documentar,Conservar íntegro; interpretar con fuente institucional,"Separadores o texto pueden preservar múltiples contactos, extensiones o estructura histórica útil."
00-01-4414-46,"26725,25763 Y 21568",no_numerico,formato_no_numerico_con_estructura,conservar_y_documentar,Conservar íntegro; interpretar con fuente institucional,"Separadores o texto pueden preservar múltiples contactos, extensiones o estructura histórica útil."
00-01-7010-46,23267252-09442325,no_numerico,formato_no_numerico_con_estructura,conservar_y_documentar,Conservar íntegro; interpretar con fuente institucional,"Separadores o texto pueden preservar múltiples contactos, extensiones o estructura histórica útil."
00-01-7096-46,23267252-09442325,no_numerico,formato_no_numerico_con_estructura,conservar_y_documentar,Conservar íntegro; interpretar con fuente institucional,"Separadores o texto pueden preservar múltiples contactos, extensiones o estructura histórica útil."
00-01-7162-46,"251-7968,232-5955",no_numerico,formato_no_numerico_con_estructura,conservar_y_documentar,Conservar íntegro; interpretar con fuente institucional,"Separadores o texto pueden preservar múltiples contactos, extensiones o estructura histórica útil."
00-01-7285-46,2320559-2320560,no_numerico,formato_no_numerico_con_estructura,conservar_y_documentar,Conservar íntegro; interpretar con fuente institucional,"Separadores o texto pueden preservar múltiples contactos, extensiones o estructura histórica útil."
00-01-7326-46,"238-4425,251-4792",no_numerico,formato_no_numerico_con_estructura,conservar_y_documentar,Conservar íntegro; interpretar con fuente institucional,"Separadores o texto pueden preservar múltiples contactos, extensiones o estructura histórica útil."
00-01-7728-46,2384648-2512449-2514657,no_numerico,formato_no_numerico_con_estructura,conservar_y_documentar,Conservar íntegro; interpretar con fuente institucional,"Separadores o texto pueden preservar múltiples contactos, extensiones o estructura histórica útil."
00-01-7744-46,238-4283/2384284,no_numerico,formato_no_numerico_con_estructura,conservar_y_documentar,Conservar íntegro; interpretar con fuente institucional,"Separadores o texto pueden preservar múltiples contactos, extensiones o estructura histórica útil."
00-01-7820-46,"2325732, 2320075, 2307014",no_numerico,formato_no_numerico_con_estructura,conservar_y_documentar,Conservar íntegro; interpretar con fuente institucional,"Separadores o texto pueden preservar múltiples contactos, extensiones o estructura histórica útil."
00-01-7821-46,"2325732, 2320075, 2307014",no_numerico,formato_no_numerico_con_estructura,conservar_y_documentar,Conservar íntegro; interpretar con fuente institucional,"Separadores o texto pueden preservar múltiples contactos, extensiones o estructura histórica útil."
00-01-7840-46,"2532566,2329566",no_numerico,formato_no_numerico_con_estructura,conservar_y_documentar,Conservar íntegro; interpretar con fuente institucional,"Separadores o texto pueden preservar múltiples contactos, extensiones o estructura histórica útil."
00-01-8031-46,2329664-2500774,no_numerico,formato_no_numerico_con_estructura,conservar_y_documentar,Conservar íntegro; interpretar con fuente institucional,"Separadores o texto pueden preservar múltiples contactos, extensiones o estructura histórica útil."
00-01-8035-46,22205283 2500774,no_numerico,formato_no_numerico_con_estructura,conservar_y_documentar,Conservar íntegro; interpretar con fuente institucional,"Separadores o texto pueden preservar múltiples contactos, extensiones o estructura histórica útil."
00-01-8098-46,2517748-2384159,no_numerico,formato_no_numerico_con_estructura,conservar_y_documentar,Conservar íntegro; interpretar con fuente institucional,"Separadores o texto pueden preservar múltiples contactos, extensiones o estructura histórica útil."
00-01-8526-46,232-1011 y 251-6422,no_numerico,formato_no_numerico_con_estructura,conservar_y_documentar,Conservar íntegro; interpretar con fuente institucional,"Separadores o texto pueden preservar múltiples contactos, extensiones o estructura histórica útil."
00-01-8675-46,22205283 2530023,no_numerico,formato_no_numerico_con_estructura,conservar_y_documentar,Conservar íntegro; interpretar con fuente institucional,"Separadores o texto pueden preservar múltiples contactos, extensiones o estructura histórica útil."
00-01-8678-46,22205283 2530023,no_numerico,formato_no_numerico_con_estructura,conservar_y_documentar,Conservar íntegro; interpretar con fuente institucional,"Separadores o texto pueden preservar múltiples contactos, extensiones o estructura histórica útil."
00-01-8773-46,2380864-2500509,no_numerico,formato_no_numerico_con_estructura,conservar_y_documentar,Conservar íntegro; interpretar con fuente institucional,"Separadores o texto pueden preservar múltiples contactos, extensiones o estructura histórica útil."
00-01-8796-46,"22207754, 22207755",no_numerico,formato_no_numerico_con_estructura,conservar_y_documentar,Conservar íntegro; interpretar con fuente institucional,"Separadores o texto pueden preservar múltiples contactos, extensiones o estructura histórica útil."
00-01-9207-46,"2868188, 2069210",no_numerico,formato_no_numerico_con_estructura,conservar_y_documentar,Conservar íntegro; interpretar con fuente institucional,"Separadores o texto pueden preservar múltiples contactos, extensiones o estructura histórica útil."
00-01-9598-46,"66609219, 22305978",no_numerico,formato_no_numerico_con_estructura,conservar_y_documentar,Conservar íntegro; interpretar con fuente institucional,"Separadores o texto pueden preservar múltiples contactos, extensiones o estructura histórica útil."
00-01-9599-46,"66609219, 22305978",no_numerico,formato_no_numerico_con_estructura,conservar_y_documentar,Conservar íntegro; interpretar con fuente institucional,"Separadores o texto pueden preservar múltiples contactos, extensiones o estructura histórica útil."
00-01-9745-46,22327654-22306279,no_numerico,formato_no_numerico_con_estructura,conservar_y_documentar,Conservar íntegro; interpretar con fuente institucional,"Separadores o texto pueden preservar múltiples contactos, extensiones o estructura histórica útil."
00-01-9836-46,22211863-22211864,no_numerico,formato_no_numerico_con_estructura,conservar_y_documentar,Conservar íntegro; interpretar con fuente institucional,"Separadores o texto pueden preservar múltiples contactos, extensiones o estructura histórica útil."
00-02-0098-46,22067,numerico_longitud_incorrecta,numerico_longitud_5,requiere_fuente_institucional,Sin transformación automática,La longitud no permite inferir de forma inequívoca un teléfono válido de 8 dígitos.
00-02-8281-46,"2541037, 2541191",no_numerico,formato_no_numerico_con_estructura,conservar_y_documentar,Conservar íntegro; interpretar con fuente institucional,"Separadores o texto pueden preservar múltiples contactos, extensiones o estructura histórica útil."
00-02-8427-46,55081344-57089673,no_numerico,formato_no_numerico_con_estructura,conservar_y_documentar,Conservar íntegro; interpretar con fuente institucional,"Separadores o texto pueden preservar múltiples contactos, extensiones o estructura histórica útil."
00-02-8428-46,22881328 7089673,no_numerico,formato_no_numerico_con_estructura,conservar_y_documentar,Conservar íntegro; interpretar con fuente institucional,"Separadores o texto pueden preservar múltiples contactos, extensiones o estructura histórica útil."
00-03-7607-46,22517920-22518076,no_numerico,formato_no_numerico_con_estructura,conservar_y_documentar,Conservar íntegro; interpretar con fuente institucional,"Separadores o texto pueden preservar múltiples contactos, extensiones o estructura histórica útil."
00-03-8576-46,24712407-24720315,no_numerico,formato_no_numerico_con_estructura,conservar_y_documentar,Conservar íntegro; interpretar con fuente institucional,"Separadores o texto pueden preservar múltiples contactos, extensiones o estructura histórica útil."
00-03-8581-46,4712407-4720315,no_numerico,formato_no_numerico_con_estructura,conservar_y_documentar,Conservar íntegro; interpretar con fuente institucional,"Separadores o texto pueden preservar múltiples contactos, extensiones o estructura histórica útil."
00-03-9800-46,22321385-22323734,no_numerico,formato_no_numerico_con_estructura,conservar_y_documentar,Conservar íntegro; interpretar con fuente institucional,"Separadores o texto pueden preservar múltiples contactos, extensiones o estructura histórica útil."
00-06-0060-46,22067,numerico_longitud_incorrecta,numerico_longitud_5,requiere_fuente_institucional,Sin transformación automática,La longitud no permite inferir de forma inequívoca un teléfono válido de 8 dígitos.
00-06-7601-46,"2892091,2890382",no_numerico,formato_no_numerico_con_estructura,conservar_y_documentar,Conservar íntegro; interpretar con fuente institucional,"Separadores o texto pueden preservar múltiples contactos, extensiones o estructura histórica útil."
00-06-8459-46,22791315-16,no_numerico,formato_no_numerico_con_estructura,conservar_y_documentar,Conservar íntegro; interpretar con fuente institucional,"Separadores o texto pueden preservar múltiples contactos, extensiones o estructura histórica útil."
00-06-9809-46,22894824-22881328,no_numerico,formato_no_numerico_con_estructura,conservar_y_documentar,Conservar íntegro; interpretar con fuente institucional,"Separadores o texto pueden preservar múltiples contactos, extensiones o estructura histórica útil."
00-07-0272-46,5899624,numerico_longitud_incorrecta,numerico_longitud_7,requiere_fuente_institucional,Sin transformación automática,La longitud no permite inferir de forma inequívoca un teléfono válido de 8 dígitos.
00-07-2978-46,"24355424, 24314311",no_numerico,formato_no_numerico_con_estructura,conservar_y_documentar,Conservar íntegro; interpretar con fuente institucional,"Separadores o texto pueden preservar múltiples contactos, extensiones o estructura histórica útil."
00-07-4325-46,2250522,numerico_longitud_incorrecta,numerico_longitud_7,requiere_fuente_institucional,Sin transformación automática,La longitud no permite inferir de forma inequívoca un teléfono válido de 8 dígitos.
00-07-4529-46,736617 Y 714495,no_numerico,formato_no_numerico_con_estructura,conservar_y_documentar,Conservar íntegro; interpretar con fuente institucional,"Separadores o texto pueden preservar múltiples contactos, extensiones o estructura histórica útil."
00-07-7413-46,4738493-4739588,no_numerico,formato_no_numerico_con_estructura,conservar_y_documentar,Conservar íntegro; interpretar con fuente institucional,"Separadores o texto pueden preservar múltiples contactos, extensiones o estructura histórica útil."
00-07-8442-46,5974265 FAX 5974263,no_numerico,formato_no_numerico_con_estructura,conservar_y_documentar,Conservar íntegro; interpretar con fuente institucional,"Separadores o texto pueden preservar múltiples contactos, extensiones o estructura histórica útil."
00-07-8550-46,"4751244, 4751249",no_numerico,formato_no_numerico_con_estructura,conservar_y_documentar,Conservar íntegro; interpretar con fuente institucional,"Separadores o texto pueden preservar múltiples contactos, extensiones o estructura histórica útil."
00-07-8593-46,"4739888, 4738983",no_numerico,formato_no_numerico_con_estructura,conservar_y_documentar,Conservar íntegro; interpretar con fuente institucional,"Separadores o texto pueden preservar múltiples contactos, extensiones o estructura histórica útil."
00-07-8793-46,24392740-24392745-24311017,no_numerico,formato_no_numerico_con_estructura,conservar_y_documentar,Conservar íntegro; interpretar con fuente institucional,"Separadores o texto pueden preservar múltiples contactos, extensiones o estructura histórica útil."
00-07-8956-46,439990 ESTX. 225-250,no_numerico,formato_no_numerico_con_estructura,conservar_y_documentar,Conservar íntegro; interpretar con fuente institucional,"Separadores o texto pueden preservar múltiples contactos, extensiones o estructura histórica útil."
00-07-8966-46,4360630-4360637,no_numerico,formato_no_numerico_con_estructura,conservar_y_documentar,Conservar íntegro; interpretar con fuente institucional,"Separadores o texto pueden preservar múltiples contactos, extensiones o estructura histórica útil."
00-07-9677-46,"24314989, 24310955",no_numerico,formato_no_numerico_con_estructura,conservar_y_documentar,Conservar íntegro; interpretar con fuente institucional,"Separadores o texto pueden preservar múltiples contactos, extensiones o estructura histórica útil."
00-07-9678-46,"24314989, 24310955",no_numerico,formato_no_numerico_con_estructura,conservar_y_documentar,Conservar íntegro; interpretar con fuente institucional,"Separadores o texto pueden preservar múltiples contactos, extensiones o estructura histórica útil."
00-09-0694-46,3615861,numerico_longitud_incorrecta,numerico_longitud_7,requiere_fuente_institucional,Sin transformación automática,La longitud no permite inferir de forma inequívoca un teléfono válido de 8 dígitos.
00-09-7372-46,23393249-50,no_numerico,formato_no_numerico_con_estructura,conservar_y_documentar,Conservar íntegro; interpretar con fuente institucional,"Separadores o texto pueden preservar múltiples contactos, extensiones o estructura histórica útil."
00-09-8392-46,23605238-54,no_numerico,formato_no_numerico_con_estructura,conservar_y_documentar,Conservar íntegro; interpretar con fuente institucional,"Separadores o texto pueden preservar múltiples contactos, extensiones o estructura histórica útil."
00-10-2523-46,23680906-5,no_numerico,formato_no_numerico_con_estructura,conservar_y_documentar,Conservar íntegro; interpretar con fuente institucional,"Separadores o texto pueden preservar múltiples contactos, extensiones o estructura histórica útil."
00-10-7185-46,3326696 3629070 3629060,no_numerico,formato_no_numerico_con_estructura,conservar_y_documentar,Conservar íntegro; interpretar con fuente institucional,"Separadores o texto pueden preservar múltiples contactos, extensiones o estructura histórica útil."
00-10-7186-46,"332-6696,362-9070,3629060",no_numerico,formato_no_numerico_con_estructura,conservar_y_documentar,Conservar íntegro; interpretar con fuente institucional,"Separadores o texto pueden preservar múltiples contactos, extensiones o estructura histórica útil."
00-10-7534-46,23667821-22,no_numerico,formato_no_numerico_con_estructura,conservar_y_documentar,Conservar íntegro; interpretar con fuente institucional,"Separadores o texto pueden preservar múltiples contactos, extensiones o estructura histórica útil."
00-10-8629-46,23335736 AL 40,no_numerico,formato_no_numerico_con_estructura,conservar_y_documentar,Conservar íntegro; interpretar con fuente institucional,"Separadores o texto pueden preservar múltiples contactos, extensiones o estructura histórica útil."
00-11-8418-46,24731585-24745554,no_numerico,formato_no_numerico_con_estructura,conservar_y_documentar,Conservar íntegro; interpretar con fuente institucional,"Separadores o texto pueden preservar múltiples contactos, extensiones o estructura histórica útil."
00-11-9211-46,4764442/43/38/30,no_numerico,formato_no_numerico_con_estructura,conservar_y_documentar,Conservar íntegro; interpretar con fuente institucional,"Separadores o texto pueden preservar múltiples contactos, extensiones o estructura histórica útil."
00-12-0013-46,24712775-24405941,no_numerico,formato_no_numerico_con_estructura,conservar_y_documentar,Conservar íntegro; interpretar con fuente institucional,"Separadores o texto pueden preservar múltiples contactos, extensiones o estructura histórica útil."
00-12-8656-46,"24712442, 24404722",no_numerico,formato_no_numerico_con_estructura,conservar_y_documentar,Conservar íntegro; interpretar con fuente institucional,"Separadores o texto pueden preservar múltiples contactos, extensiones o estructura histórica útil."
00-13-0010-46,22692279-23314041,no_numerico,formato_no_numerico_con_estructura,conservar_y_documentar,Conservar íntegro; interpretar con fuente institucional,"Separadores o texto pueden preservar múltiples contactos, extensiones o estructura histórica útil."
00-13-7903-46,"331-2247,332-4301 FAX 331-2247",no_numerico,formato_no_numerico_con_estructura,conservar_y_documentar,Conservar íntegro; interpretar con fuente institucional,"Separadores o texto pueden preservar múltiples contactos, extensiones o estructura histórica útil."
00-13-8380-46,23606627-28,no_numerico,formato_no_numerico_con_estructura,conservar_y_documentar,Conservar íntegro; interpretar con fuente institucional,"Separadores o texto pueden preservar múltiples contactos, extensiones o estructura histórica útil."
00-13-8870-46,24720151-3,no_numerico,formato_no_numerico_con_estructura,conservar_y_documentar,Conservar íntegro; interpretar con fuente institucional,"Separadores o texto pueden preservar múltiples contactos, extensiones o estructura histórica útil."
00-13-9682-46,24720829-24720004,no_numerico,formato_no_numerico_con_estructura,conservar_y_documentar,Conservar íntegro; interpretar con fuente institucional,"Separadores o texto pueden preservar múltiples contactos, extensiones o estructura histórica útil."
00-14-8943-46,23680708-23371824,no_numerico,formato_no_numerico_con_estructura,conservar_y_documentar,Conservar íntegro; interpretar con fuente institucional,"Separadores o texto pueden preservar múltiples contactos, extensiones o estructura histórica útil."
00-14-8945-46,3680708-3371824,no_numerico,formato_no_numerico_con_estructura,conservar_y_documentar,Conservar íntegro; interpretar con fuente institucional,"Separadores o texto pueden preservar múltiples contactos, extensiones o estructura histórica útil."
00-18-8750-46,"22852203, 22852205",no_numerico,formato_no_numerico_con_estructura,conservar_y_documentar,Conservar íntegro; interpretar con fuente institucional,"Separadores o texto pueden preservar múltiples contactos, extensiones o estructura histórica útil."
00-19-8013-46,5972296-5926180,no_numerico,formato_no_numerico_con_estructura,conservar_y_documentar,Conservar íntegro; interpretar con fuente institucional,"Separadores o texto pueden preservar múltiples contactos, extensiones o estructura histórica útil."
00-21-7974-46,24493119-24493733,no_numerico,formato_no_numerico_con_estructura,conservar_y_documentar,Conservar íntegro; interpretar con fuente institucional,"Separadores o texto pueden preservar múltiples contactos, extensiones o estructura histórica útil."
00-21-7975-46,24493119-24493733,no_numerico,formato_no_numerico_con_estructura,conservar_y_documentar,Conservar íntegro; interpretar con fuente institucional,"Separadores o texto pueden preservar múltiples contactos, extensiones o estructura histórica útil."
00-24-9632-46,22868188-52069210,no_numerico,formato_no_numerico_con_estructura,conservar_y_documentar,Conservar íntegro; interpretar con fuente institucional,"Separadores o texto pueden preservar múltiples contactos, extensiones o estructura histórica útil."
01-01-0007-46,23661344-23661600,no_numerico,formato_no_numerico_con_estructura,conservar_y_documentar,Conservar íntegro; interpretar con fuente institucional,"Separadores o texto pueden preservar múltiples contactos, extensiones o estructura histórica útil."
01-02-9748-46,66420121-66420111,no_numerico,formato_no_numerico_con_estructura,conservar_y_documentar,Conservar íntegro; interpretar con fuente institucional,"Separadores o texto pueden preservar múltiples contactos, extensiones o estructura histórica útil."
01-03-9181-46,53060148 52192093,no_numerico,formato_no_numerico_con_estructura,conservar_y_documentar,Conservar íntegro; interpretar con fuente institucional,"Separadores o texto pueden preservar múltiples contactos, extensiones o estructura histórica útil."
01-06-0061-46,5200537,numerico_longitud_incorrecta,numerico_longitud_7,requiere_fuente_institucional,Sin transformación automática,La longitud no permite inferir de forma inequívoca un teléfono válido de 8 dígitos.
01-06-9313-46,22898990-22868990,no_numerico,formato_no_numerico_con_estructura,conservar_y_documentar,Conservar íntegro; interpretar con fuente institucional,"Separadores o texto pueden preservar múltiples contactos, extensiones o estructura histórica útil."
01-08-0032-46,24796595-96,no_numerico,formato_no_numerico_con_estructura,conservar_y_documentar,Conservar íntegro; interpretar con fuente institucional,"Separadores o texto pueden preservar múltiples contactos, extensiones o estructura histórica útil."
01-08-0079-46,24333306-24342926,no_numerico,formato_no_numerico_con_estructura,conservar_y_documentar,Conservar íntegro; interpretar con fuente institucional,"Separadores o texto pueden preservar múltiples contactos, extensiones o estructura histórica útil."
01-08-0094-46,24366554-55,no_numerico,formato_no_numerico_con_estructura,conservar_y_documentar,Conservar íntegro; interpretar con fuente institucional,"Separadores o texto pueden preservar múltiples contactos, extensiones o estructura histórica útil."
01-08-1030-46,2437011,numerico_longitud_incorrecta,numerico_longitud_7,requiere_fuente_institucional,Sin transformación automática,La longitud no permite inferir de forma inequívoca un teléfono válido de 8 dígitos.
01-08-1042-46,499116237,numerico_longitud_incorrecta,numerico_longitud_9,requiere_fuente_institucional,Sin transformación automática,La longitud no permite inferir de forma inequívoca un teléfono válido de 8 dígitos.
01-08-1736-46,"5987951, 3088873",no_numerico,formato_no_numerico_con_estructura,conservar_y_documentar,Conservar íntegro; interpretar con fuente institucional,"Separadores o texto pueden preservar múltiples contactos, extensiones o estructura histórica útil."
01-08-2889-46,225052,numerico_longitud_incorrecta,numerico_longitud_6,requiere_fuente_institucional,Sin transformación automática,La longitud no permite inferir de forma inequívoca un teléfono válido de 8 dígitos.
01-08-2891-46,22505,numerico_longitud_incorrecta,numerico_longitud_5,requiere_fuente_institucional,Sin transformación automática,La longitud no permite inferir de forma inequívoca un teléfono válido de 8 dígitos.
01-08-6584-46,24854408-24854398,no_numerico,formato_no_numerico_con_estructura,conservar_y_documentar,Conservar íntegro; interpretar con fuente institucional,"Separadores o texto pueden preservar múltiples contactos, extensiones o estructura histórica útil."
01-08-6816-46,2981765-4831240,no_numerico,formato_no_numerico_con_estructura,conservar_y_documentar,Conservar íntegro; interpretar con fuente institucional,"Separadores o texto pueden preservar múltiples contactos, extensiones o estructura histórica útil."
01-08-7590-46,"55987951, 53088873",no_numerico,formato_no_numerico_con_estructura,conservar_y_documentar,Conservar íntegro; interpretar con fuente institucional,"Separadores o texto pueden preservar múltiples contactos, extensiones o estructura histórica útil."
01-08-7680-46,24374353 55980275,no_numerico,formato_no_numerico_con_estructura,conservar_y_documentar,Conservar íntegro; interpretar con fuente institucional,"Separadores o texto pueden preservar múltiples contactos, extensiones o estructura histórica útil."
01-08-7692-46,5944312-5986774,no_numerico,formato_no_numerico_con_estructura,conservar_y_documentar,Conservar íntegro; interpretar con fuente institucional,"Separadores o texto pueden preservar múltiples contactos, extensiones o estructura histórica útil."
01-08-7693-46,5944312-5986774,no_numerico,formato_no_numerico_con_estructura,conservar_y_documentar,Conservar íntegro; interpretar con fuente institucional,"Separadores o texto pueden preservar múltiples contactos, extensiones o estructura histórica útil."
01-08-7770-46,5943821-5960117,no_numerico,formato_no_numerico_con_estructura,conservar_y_documentar,Conservar íntegro; interpretar con fuente institucional,"Separadores o texto pueden preservar múltiples contactos, extensiones o estructura histórica útil."
01-08-7772-46,5943821-5960117,no_numerico,formato_no_numerico_con_estructura,conservar_y_documentar,Conservar íntegro; interpretar con fuente institucional,"Separadores o texto pueden preservar múltiples contactos, extensiones o estructura histórica útil."
01-08-8354-46,24831196-97,no_numerico,formato_no_numerico_con_estructura,conservar_y_documentar,Conservar íntegro; interpretar con fuente institucional,"Separadores o texto pueden preservar múltiples contactos, extensiones o estructura histórica útil."
01-08-8405-46,"4431414, 3109992",no_numerico,formato_no_numerico_con_estructura,conservar_y_documentar,Conservar íntegro; interpretar con fuente institucional,"Separadores o texto pueden preservar múltiples contactos, extensiones o estructura histórica útil."
01-08-8406-46,"4431414, 3109992",no_numerico,formato_no_numerico_con_estructura,conservar_y_documentar,Conservar íntegro; interpretar con fuente institucional,"Separadores o texto pueden preservar múltiples contactos, extensiones o estructura histórica útil."
01-08-8407-46,"4431414, 3109992",no_numerico,formato_no_numerico_con_estructura,conservar_y_documentar,Conservar íntegro; interpretar con fuente institucional,"Separadores o texto pueden preservar múltiples contactos, extensiones o estructura histórica útil."
01-08-8559-46,2863760-8027980,no_numerico,formato_no_numerico_con_estructura,conservar_y_documentar,Conservar íntegro; interpretar con fuente institucional,"Separadores o texto pueden preservar múltiples contactos, extensiones o estructura histórica útil."
01-08-8561-46,2863760-8027980,no_numerico,formato_no_numerico_con_estructura,conservar_y_documentar,Conservar íntegro; interpretar con fuente institucional,"Separadores o texto pueden preservar múltiples contactos, extensiones o estructura histórica útil."
01-08-8742-46,24345193 24361224,no_numerico,formato_no_numerico_con_estructura,conservar_y_documentar,Conservar íntegro; interpretar con fuente institucional,"Separadores o texto pueden preservar múltiples contactos, extensiones o estructura histórica útil."
01-08-9327-46,24328801-24329098,no_numerico,formato_no_numerico_con_estructura,conservar_y_documentar,Conservar íntegro; interpretar con fuente institucional,"Separadores o texto pueden preservar múltiples contactos, extensiones o estructura histórica útil."
01-08-9328-46,24328801-24329098,no_numerico,formato_no_numerico_con_estructura,conservar_y_documentar,Conservar íntegro; interpretar con fuente institucional,"Separadores o texto pueden preservar múltiples contactos, extensiones o estructura histórica útil."
01-08-9330-46,24328801-24329098,no_numerico,formato_no_numerico_con_estructura,conservar_y_documentar,Conservar íntegro; interpretar con fuente institucional,"Separadores o texto pueden preservar múltiples contactos, extensiones o estructura histórica útil."
01-08-9332-46,24328801-24329098,no_numerico,formato_no_numerico_con_estructura,conservar_y_documentar,Conservar íntegro; interpretar con fuente institucional,"Separadores o texto pueden preservar múltiples contactos, extensiones o estructura histórica útil."
01-08-9668-46,24314989-24310955,no_numerico,formato_no_numerico_con_estructura,conservar_y_documentar,Conservar íntegro; interpretar con fuente institucional,"Separadores o texto pueden preservar múltiples contactos, extensiones o estructura histórica útil."
01-08-9713-46,24431649-24431650,no_numerico,formato_no_numerico_con_estructura,conservar_y_documentar,Conservar íntegro; interpretar con fuente institucional,"Separadores o texto pueden preservar múltiples contactos, extensiones o estructura histórica útil."
01-10-9529-46,66302972-57250943-55017662,no_numerico,formato_no_numerico_con_estructura,conservar_y_documentar,Conservar íntegro; interpretar con fuente institucional,"Separadores o texto pueden preservar múltiples contactos, extensiones o estructura histórica útil."
01-11-9475-46,55985805 56929038,no_numerico,formato_no_numerico_con_estructura,conservar_y_documentar,Conservar íntegro; interpretar con fuente institucional,"Separadores o texto pueden preservar múltiples contactos, extensiones o estructura histórica útil."
01-13-0122-46,50160791-54845435,no_numerico,formato_no_numerico_con_estructura,conservar_y_documentar,Conservar íntegro; interpretar con fuente institucional,"Separadores o texto pueden preservar múltiples contactos, extensiones o estructura histórica útil."
01-13-9630-46,66771152-56,no_numerico,formato_no_numerico_con_estructura,conservar_y_documentar,Conservar íntegro; interpretar con fuente institucional,"Separadores o texto pueden preservar múltiples contactos, extensiones o estructura histórica útil."
01-14-0135-46,5510177,numerico_longitud_incorrecta,numerico_longitud_7,requiere_fuente_institucional,Sin transformación automática,La longitud no permite inferir de forma inequívoca un teléfono válido de 8 dígitos.
01-14-9844-46,66330748-52179627,no_numerico,formato_no_numerico_con_estructura,conservar_y_documentar,Conservar íntegro; interpretar con fuente institucional,"Separadores o texto pueden preservar múltiples contactos, extensiones o estructura histórica útil."
01-15-0106-46,66532206-66353256,no_numerico,formato_no_numerico_con_estructura,conservar_y_documentar,Conservar íntegro; interpretar con fuente institucional,"Separadores o texto pueden preservar múltiples contactos, extensiones o estructura histórica útil."
01-15-0520-46,6636790,numerico_longitud_incorrecta,numerico_longitud_7,requiere_fuente_institucional,Sin transformación automática,La longitud no permite inferir de forma inequívoca un teléfono válido de 8 dígitos.
01-15-7132-46,6361145- 6310279,no_numerico,formato_no_numerico_con_estructura,conservar_y_documentar,Conservar íntegro; interpretar con fuente institucional,"Separadores o texto pueden preservar múltiples contactos, extensiones o estructura histórica útil."
01-15-7858-46,66313297-58964749,no_numerico,formato_no_numerico_con_estructura,conservar_y_documentar,Conservar íntegro; interpretar con fuente institucional,"Separadores o texto pueden preservar múltiples contactos, extensiones o estructura histórica útil."
01-15-8676-46,6292082 6293622,no_numerico,formato_no_numerico_con_estructura,conservar_y_documentar,Conservar íntegro; interpretar con fuente institucional,"Separadores o texto pueden preservar múltiples contactos, extensiones o estructura histórica útil."
01-15-8696-46,4432004 4430917,no_numerico,formato_no_numerico_con_estructura,conservar_y_documentar,Conservar íntegro; interpretar con fuente institucional,"Separadores o texto pueden preservar múltiples contactos, extensiones o estructura histórica útil."
01-15-8958-46,"66593584, 53062816",no_numerico,formato_no_numerico_con_estructura,conservar_y_documentar,Conservar íntegro; interpretar con fuente institucional,"Separadores o texto pueden preservar múltiples contactos, extensiones o estructura histórica útil."
01-15-9074-46,66596063-66357276,no_numerico,formato_no_numerico_con_estructura,conservar_y_documentar,Conservar íntegro; interpretar con fuente institucional,"Separadores o texto pueden preservar múltiples contactos, extensiones o estructura histórica útil."
01-15-9157-46,66355887-66312603,no_numerico,formato_no_numerico_con_estructura,conservar_y_documentar,Conservar íntegro; interpretar con fuente institucional,"Separadores o texto pueden preservar múltiples contactos, extensiones o estructura histórica útil."
01-17-0289-46,40,numerico_longitud_incorrecta,numerico_longitud_2,requiere_fuente_institucional,Sin transformación automática,La longitud no permite inferir de forma inequívoca un teléfono válido de 8 dígitos.
01-17-0296-46,5180422,numerico_longitud_incorrecta,numerico_longitud_7,requiere_fuente_institucional,Sin transformación automática,La longitud no permite inferir de forma inequívoca un teléfono válido de 8 dígitos.
02-01-0038-46,7945177,numerico_longitud_incorrecta,numerico_longitud_7,requiere_fuente_institucional,Sin transformación automática,La longitud no permite inferir de forma inequívoca un teléfono válido de 8 dígitos.
02-03-0136-46,4215928,numerico_longitud_incorrecta,numerico_longitud_7,requiere_fuente_institucional,Sin transformación automática,La longitud no permite inferir de forma inequívoca un teléfono válido de 8 dígitos.
02-03-0283-46,54937809-53096866,no_numerico,formato_no_numerico_con_estructura,conservar_y_documentar,Conservar íntegro; interpretar con fuente institucional,"Separadores o texto pueden preservar múltiples contactos, extensiones o estructura histórica útil."
02-05-0018-46,3033,numerico_longitud_incorrecta,numerico_longitud_4,requiere_fuente_institucional,Sin transformación automática,La longitud no permite inferir de forma inequívoca un teléfono válido de 8 dígitos.
02-07-0754-46,79252112-79253509,no_numerico,formato_no_numerico_con_estructura,conservar_y_documentar,Conservar íntegro; interpretar con fuente institucional,"Separadores o texto pueden preservar múltiples contactos, extensiones o estructura histórica útil."
03-01-1077-46,78322410-78323310,no_numerico,formato_no_numerico_con_estructura,conservar_y_documentar,Conservar íntegro; interpretar con fuente institucional,"Separadores o texto pueden preservar múltiples contactos, extensiones o estructura histórica útil."
03-01-1100-46,78326590-40441097,no_numerico,formato_no_numerico_con_estructura,conservar_y_documentar,Conservar íntegro; interpretar con fuente institucional,"Separadores o texto pueden preservar múltiples contactos, extensiones o estructura histórica útil."
03-01-1304-46,78325262-78321201,no_numerico,formato_no_numerico_con_estructura,conservar_y_documentar,Conservar íntegro; interpretar con fuente institucional,"Separadores o texto pueden preservar múltiples contactos, extensiones o estructura histórica útil."
03-01-1344-46,52660000-78323083,no_numerico,formato_no_numerico_con_estructura,conservar_y_documentar,Conservar íntegro; interpretar con fuente institucional,"Separadores o texto pueden preservar múltiples contactos, extensiones o estructura histórica útil."
03-01-1376-46,"78320432, 78327352",no_numerico,formato_no_numerico_con_estructura,conservar_y_documentar,Conservar íntegro; interpretar con fuente institucional,"Separadores o texto pueden preservar múltiples contactos, extensiones o estructura histórica útil."
03-02-0002-46,59396687-50381119,no_numerico,formato_no_numerico_con_estructura,conservar_y_documentar,Conservar íntegro; interpretar con fuente institucional,"Separadores o texto pueden preservar múltiples contactos, extensiones o estructura histórica útil."
03-02-0004-46,59396687-50381119,no_numerico,formato_no_numerico_con_estructura,conservar_y_documentar,Conservar íntegro; interpretar con fuente institucional,"Separadores o texto pueden preservar múltiples contactos, extensiones o estructura histórica útil."
03-02-0071-46,5460084,numerico_longitud_incorrecta,numerico_longitud_7,requiere_fuente_institucional,Sin transformación automática,La longitud no permite inferir de forma inequívoca un teléfono válido de 8 dígitos.
03-02-1423-46,78887460-55022177,no_numerico,formato_no_numerico_con_estructura,conservar_y_documentar,Conservar íntegro; interpretar con fuente institucional,"Separadores o texto pueden preservar múltiples contactos, extensiones o estructura histórica útil."
03-02-1424-46,78887460-55022177,no_numerico,formato_no_numerico_con_estructura,conservar_y_documentar,Conservar íntegro; interpretar con fuente institucional,"Separadores o texto pueden preservar múltiples contactos, extensiones o estructura histórica útil."
03-14-0034-46,43521,numerico_longitud_incorrecta,numerico_longitud_5,requiere_fuente_institucional,Sin transformación automática,La longitud no permite inferir de forma inequívoca un teléfono válido de 8 dígitos.
04-01-0061-46,78391288-78392217,no_numerico,formato_no_numerico_con_estructura,conservar_y_documentar,Conservar íntegro; interpretar con fuente institucional,"Separadores o texto pueden preservar múltiples contactos, extensiones o estructura histórica útil."
04-01-0128-46,783928,numerico_longitud_incorrecta,numerico_longitud_6,requiere_fuente_institucional,Sin transformación automática,La longitud no permite inferir de forma inequívoca un teléfono válido de 8 dígitos.
04-01-0139-46,79649696-78739432,no_numerico,formato_no_numerico_con_estructura,conservar_y_documentar,Conservar íntegro; interpretar con fuente institucional,"Separadores o texto pueden preservar múltiples contactos, extensiones o estructura histórica útil."
04-01-0141-46,78739432-79649696,no_numerico,formato_no_numerico_con_estructura,conservar_y_documentar,Conservar íntegro; interpretar con fuente institucional,"Separadores o texto pueden preservar múltiples contactos, extensiones o estructura histórica útil."
04-01-0142-46,78739432-79649696,no_numerico,formato_no_numerico_con_estructura,conservar_y_documentar,Conservar íntegro; interpretar con fuente institucional,"Separadores o texto pueden preservar múltiples contactos, extensiones o estructura histórica útil."
04-01-0347-46,78739432-79649696,no_numerico,formato_no_numerico_con_estructura,conservar_y_documentar,Conservar íntegro; interpretar con fuente institucional,"Separadores o texto pueden preservar múltiples contactos, extensiones o estructura histórica útil."
04-01-0635-46,78393245-78393246,no_numerico,formato_no_numerico_con_estructura,conservar_y_documentar,Conservar íntegro; interpretar con fuente institucional,"Separadores o texto pueden preservar múltiples contactos, extensiones o estructura histórica útil."
04-01-2552-46,78393245-78393246,no_numerico,formato_no_numerico_con_estructura,conservar_y_documentar,Conservar íntegro; interpretar con fuente institucional,"Separadores o texto pueden preservar múltiples contactos, extensiones o estructura histórica útil."
04-01-2715-46,78391332-78395850-78395997,no_numerico,formato_no_numerico_con_estructura,conservar_y_documentar,Conservar íntegro; interpretar con fuente institucional,"Separadores o texto pueden preservar múltiples contactos, extensiones o estructura histórica útil."
04-01-2994-46,78392709-78396701-78396702,no_numerico,formato_no_numerico_con_estructura,conservar_y_documentar,Conservar íntegro; interpretar con fuente institucional,"Separadores o texto pueden preservar múltiples contactos, extensiones o estructura histórica útil."
04-01-3069-46,8392658,numerico_longitud_incorrecta,numerico_longitud_7,requiere_fuente_institucional,Sin transformación automática,La longitud no permite inferir de forma inequívoca un teléfono válido de 8 dígitos.
04-01-3071-46,8392658,numerico_longitud_incorrecta,numerico_longitud_7,requiere_fuente_institucional,Sin transformación automática,La longitud no permite inferir de forma inequívoca un teléfono válido de 8 dígitos.
04-06-3149-46,77238200/58540260,no_numerico,formato_no_numerico_con_estructura,conservar_y_documentar,Conservar íntegro; interpretar con fuente institucional,"Separadores o texto pueden preservar múltiples contactos, extensiones o estructura histórica útil."
04-15-3250-46,78392156-59881439,no_numerico,formato_no_numerico_con_estructura,conservar_y_documentar,Conservar íntegro; interpretar con fuente institucional,"Separadores o texto pueden preservar múltiples contactos, extensiones o estructura histórica útil."
05-01-0153-46,41349750-54182377,no_numerico,formato_no_numerico_con_estructura,conservar_y_documentar,Conservar íntegro; interpretar con fuente institucional,"Separadores o texto pueden preservar múltiples contactos, extensiones o estructura histórica útil."
05-01-0666-46,78880429-78880419,no_numerico,formato_no_numerico_con_estructura,conservar_y_documentar,Conservar íntegro; interpretar con fuente institucional,"Separadores o texto pueden preservar múltiples contactos, extensiones o estructura histórica útil."
05-01-2568-46,78895329-78895332,no_numerico,formato_no_numerico_con_estructura,conservar_y_documentar,Conservar íntegro; interpretar con fuente institucional,"Separadores o texto pueden preservar múltiples contactos, extensiones o estructura histórica útil."
05-01-3023-46,78881148-78891068,no_numerico,formato_no_numerico_con_estructura,conservar_y_documentar,Conservar íntegro; interpretar con fuente institucional,"Separadores o texto pueden preservar múltiples contactos, extensiones o estructura histórica útil."
05-01-3024-46,78881148-78891068,no_numerico,formato_no_numerico_con_estructura,conservar_y_documentar,Conservar íntegro; interpretar con fuente institucional,"Separadores o texto pueden preservar múltiples contactos, extensiones o estructura histórica útil."
05-02-0223-46,7776400,numerico_longitud_incorrecta,numerico_longitud_7,requiere_fuente_institucional,Sin transformación automática,La longitud no permite inferir de forma inequívoca un teléfono válido de 8 dígitos.
05-03-2983-46,78803107-78803096,no_numerico,formato_no_numerico_con_estructura,conservar_y_documentar,Conservar íntegro; interpretar con fuente institucional,"Separadores o texto pueden preservar múltiples contactos, extensiones o estructura histórica útil."
05-12-2329-46,52187388-47698840,no_numerico,formato_no_numerico_con_estructura,conservar_y_documentar,Conservar íntegro; interpretar con fuente institucional,"Separadores o texto pueden preservar múltiples contactos, extensiones o estructura histórica útil."
06-08-2001-46,78850105-53334877,no_numerico,formato_no_numerico_con_estructura,conservar_y_documentar,Conservar íntegro; interpretar con fuente institucional,"Separadores o texto pueden preservar múltiples contactos, extensiones o estructura histórica útil."
07-10-2756-46,77621113-77621019,no_numerico,formato_no_numerico_con_estructura,conservar_y_documentar,Conservar íntegro; interpretar con fuente institucional,"Separadores o texto pueden preservar múltiples contactos, extensiones o estructura histórica útil."
08-01-0232-46,56769964-77663283,no_numerico,formato_no_numerico_con_estructura,conservar_y_documentar,Conservar íntegro; interpretar con fuente institucional,"Separadores o texto pueden preservar múltiples contactos, extensiones o estructura histórica útil."
08-01-0233-46,56769964-7766328,no_numerico,formato_no_numerico_con_estructura,conservar_y_documentar,Conservar íntegro; interpretar con fuente institucional,"Separadores o texto pueden preservar múltiples contactos, extensiones o estructura histórica útil."
08-02-0042-46,41724130-00000000,no_numerico,formato_no_numerico_con_estructura,conservar_y_documentar,Conservar íntegro; interpretar con fuente institucional,"Separadores o texto pueden preservar múltiples contactos, extensiones o estructura histórica útil."
08-02-0065-46,7737457945436421,numerico_longitud_incorrecta,posible_concatenacion_de_dos_telefonos,conservar_y_documentar,77374579 | 45436421 (solo referencia),"Admite una partición 8+8, pero el original no contiene separador y no debe alterarse."
08-02-0099-46,41724130-00000000,no_numerico,formato_no_numerico_con_estructura,conservar_y_documentar,Conservar íntegro; interpretar con fuente institucional,"Separadores o texto pueden preservar múltiples contactos, extensiones o estructura histórica útil."
09-01-3623-46,7631022-7615248,no_numerico,formato_no_numerico_con_estructura,conservar_y_documentar,Conservar íntegro; interpretar con fuente institucional,"Separadores o texto pueden preservar múltiples contactos, extensiones o estructura histórica útil."
09-01-3817-46,7674631-7635139,no_numerico,formato_no_numerico_con_estructura,conservar_y_documentar,Conservar íntegro; interpretar con fuente institucional,"Separadores o texto pueden preservar múltiples contactos, extensiones o estructura histórica útil."
09-01-3870-46,77635371-31281299,no_numerico,formato_no_numerico_con_estructura,conservar_y_documentar,Conservar íntegro; interpretar con fuente institucional,"Separadores o texto pueden preservar múltiples contactos, extensiones o estructura histórica útil."
09-06-3693-46,"7618119, 7619218",no_numerico,formato_no_numerico_con_estructura,conservar_y_documentar,Conservar íntegro; interpretar con fuente institucional,"Separadores o texto pueden preservar múltiples contactos, extensiones o estructura histórica útil."
10-01-0328-46,7872316,numerico_longitud_incorrecta,numerico_longitud_7,requiere_fuente_institucional,Sin transformación automática,La longitud no permite inferir de forma inequívoca un teléfono válido de 8 dígitos.
10-01-0329-46,515916,numerico_longitud_incorrecta,numerico_longitud_6,requiere_fuente_institucional,Sin transformación automática,La longitud no permite inferir de forma inequívoca un teléfono válido de 8 dígitos.
10-01-0342-46,4140069,numerico_longitud_incorrecta,numerico_longitud_7,requiere_fuente_institucional,Sin transformación automática,La longitud no permite inferir de forma inequívoca un teléfono válido de 8 dígitos.
10-01-1955-46,87215508-0755,no_numerico,formato_no_numerico_con_estructura,conservar_y_documentar,Conservar íntegro; interpretar con fuente institucional,"Separadores o texto pueden preservar múltiples contactos, extensiones o estructura histórica útil."
10-10-0077-46,787203,numerico_longitud_incorrecta,numerico_longitud_6,requiere_fuente_institucional,Sin transformación automática,La longitud no permite inferir de forma inequívoca un teléfono válido de 8 dígitos.
10-12-0015-46,3430826,numerico_longitud_incorrecta,numerico_longitud_7,requiere_fuente_institucional,Sin transformación automática,La longitud no permite inferir de forma inequívoca un teléfono válido de 8 dígitos.
10-14-0071-46,78719889-42781085-42400974,no_numerico,formato_no_numerico_con_estructura,conservar_y_documentar,Conservar íntegro; interpretar con fuente institucional,"Separadores o texto pueden preservar múltiples contactos, extensiones o estructura histórica útil."
10-15-0041-46,5899378,numerico_longitud_incorrecta,numerico_longitud_7,requiere_fuente_institucional,Sin transformación automática,La longitud no permite inferir de forma inequívoca un teléfono válido de 8 dígitos.
10-21-0092-46,7927234,numerico_longitud_incorrecta,numerico_longitud_7,requiere_fuente_institucional,Sin transformación automática,La longitud no permite inferir de forma inequívoca un teléfono válido de 8 dígitos.
12-02-0121-46,77609431-53012737,no_numerico,formato_no_numerico_con_estructura,conservar_y_documentar,Conservar íntegro; interpretar con fuente institucional,"Separadores o texto pueden preservar múltiples contactos, extensiones o estructura histórica útil."
12-04-0246-46,5783593,numerico_longitud_incorrecta,numerico_longitud_7,requiere_fuente_institucional,Sin transformación automática,La longitud no permite inferir de forma inequívoca un teléfono válido de 8 dígitos.
12-04-0252-46,5783593,numerico_longitud_incorrecta,numerico_longitud_7,requiere_fuente_institucional,Sin transformación automática,La longitud no permite inferir de forma inequívoca un teléfono válido de 8 dígitos.
12-29-0045-46,574479,numerico_longitud_incorrecta,numerico_longitud_6,requiere_fuente_institucional,Sin transformación automática,La longitud no permite inferir de forma inequívoca un teléfono válido de 8 dígitos.
13-01-0159-46,77648506-45419234-41177068,no_numerico,formato_no_numerico_con_estructura,conservar_y_documentar,Conservar íntegro; interpretar con fuente institucional,"Separadores o texto pueden preservar múltiples contactos, extensiones o estructura histórica útil."
13-01-0162-46,77648506-45419234-41177068,no_numerico,formato_no_numerico_con_estructura,conservar_y_documentar,Conservar íntegro; interpretar con fuente institucional,"Separadores o texto pueden preservar múltiples contactos, extensiones o estructura histórica útil."
13-01-0163-46,77648506-45419234-41177068,no_numerico,formato_no_numerico_con_estructura,conservar_y_documentar,Conservar íntegro; interpretar con fuente institucional,"Separadores o texto pueden preservar múltiples contactos, extensiones o estructura histórica útil."
13-01-5756-46,57 47546,no_numerico,formato_no_numerico_con_estructura,conservar_y_documentar,Conservar íntegro; interpretar con fuente institucional,"Separadores o texto pueden preservar múltiples contactos, extensiones o estructura histórica útil."
13-07-0433-46,77632533-77632581,no_numerico,formato_no_numerico_con_estructura,conservar_y_documentar,Conservar íntegro; interpretar con fuente institucional,"Separadores o texto pueden preservar múltiples contactos, extensiones o estructura histórica útil."
13-27-1511-46,77660002-53495743,no_numerico,formato_no_numerico_con_estructura,conservar_y_documentar,Conservar íntegro; interpretar con fuente institucional,"Separadores o texto pueden preservar múltiples contactos, extensiones o estructura histórica útil."
13-27-6427-46,7660201-7660149,no_numerico,formato_no_numerico_con_estructura,conservar_y_documentar,Conservar íntegro; interpretar con fuente institucional,"Separadores o texto pueden preservar múltiples contactos, extensiones o estructura histórica útil."
15-01-0111-46,79540830-79540909,no_numerico,formato_no_numerico_con_estructura,conservar_y_documentar,Conservar íntegro; interpretar con fuente institucional,"Separadores o texto pueden preservar múltiples contactos, extensiones o estructura histórica útil."
15-01-0112-46,79540830-79540909,no_numerico,formato_no_numerico_con_estructura,conservar_y_documentar,Conservar íntegro; interpretar con fuente institucional,"Separadores o texto pueden preservar múltiples contactos, extensiones o estructura histórica útil."
15-01-0114-46,79540830-79540909,no_numerico,formato_no_numerico_con_estructura,conservar_y_documentar,Conservar íntegro; interpretar con fuente institucional,"Separadores o texto pueden preservar múltiples contactos, extensiones o estructura histórica útil."
16-07-0253-46,4085613,numerico_longitud_incorrecta,numerico_longitud_7,requiere_fuente_institucional,Sin transformación automática,La longitud no permite inferir de forma inequívoca un teléfono válido de 8 dígitos.
16-10-0001-46,78208583-78209143,no_numerico,formato_no_numerico_con_estructura,conservar_y_documentar,Conservar íntegro; interpretar con fuente institucional,"Separadores o texto pueden preservar múltiples contactos, extensiones o estructura histórica útil."
17-03-0084-46,586577,numerico_longitud_incorrecta,numerico_longitud_6,requiere_fuente_institucional,Sin transformación automática,La longitud no permite inferir de forma inequívoca un teléfono válido de 8 dígitos.
17-03-0085-46,586577,numerico_longitud_incorrecta,numerico_longitud_6,requiere_fuente_institucional,Sin transformación automática,La longitud no permite inferir de forma inequívoca un teléfono válido de 8 dígitos.
17-03-0121-46,4167076,numerico_longitud_incorrecta,numerico_longitud_7,requiere_fuente_institucional,Sin transformación automática,La longitud no permite inferir de forma inequívoca un teléfono válido de 8 dígitos.
17-03-0146-46,3127247,numerico_longitud_incorrecta,numerico_longitud_7,requiere_fuente_institucional,Sin transformación automática,La longitud no permite inferir de forma inequívoca un teléfono válido de 8 dígitos.
17-04-3953-46,31193946-46843572,no_numerico,formato_no_numerico_con_estructura,conservar_y_documentar,Conservar íntegro; interpretar con fuente institucional,"Separadores o texto pueden preservar múltiples contactos, extensiones o estructura histórica útil."
17-09-3970-46,66502390 65864538,no_numerico,formato_no_numerico_con_estructura,conservar_y_documentar,Conservar íntegro; interpretar con fuente institucional,"Separadores o texto pueden preservar múltiples contactos, extensiones o estructura histórica útil."
17-13-0161-46,5732448,numerico_longitud_incorrecta,numerico_longitud_7,requiere_fuente_institucional,Sin transformación automática,La longitud no permite inferir de forma inequívoca un teléfono válido de 8 dígitos.
18-01-0162-46,79484391-41051885,no_numerico,formato_no_numerico_con_estructura,conservar_y_documentar,Conservar íntegro; interpretar con fuente institucional,"Separadores o texto pueden preservar múltiples contactos, extensiones o estructura histórica útil."
18-01-0305-46,79486433-79480166,no_numerico,formato_no_numerico_con_estructura,conservar_y_documentar,Conservar íntegro; interpretar con fuente institucional,"Separadores o texto pueden preservar múltiples contactos, extensiones o estructura histórica útil."
18-01-0306-46,79486433-79480166,no_numerico,formato_no_numerico_con_estructura,conservar_y_documentar,Conservar íntegro; interpretar con fuente institucional,"Separadores o texto pueden preservar múltiples contactos, extensiones o estructura histórica útil."
18-01-0307-46,79486433-79480166,no_numerico,formato_no_numerico_con_estructura,conservar_y_documentar,Conservar íntegro; interpretar con fuente institucional,"Separadores o texto pueden preservar múltiples contactos, extensiones o estructura histórica útil."
18-01-0308-46,79486433-79480166,no_numerico,formato_no_numerico_con_estructura,conservar_y_documentar,Conservar íntegro; interpretar con fuente institucional,"Separadores o texto pueden preservar múltiples contactos, extensiones o estructura histórica útil."
18-01-0343-46,79480085-50307050,no_numerico,formato_no_numerico_con_estructura,conservar_y_documentar,Conservar íntegro; interpretar con fuente institucional,"Separadores o texto pueden preservar múltiples contactos, extensiones o estructura histórica útil."
18-01-0344-46,79480085-50307050,no_numerico,formato_no_numerico_con_estructura,conservar_y_documentar,Conservar íntegro; interpretar con fuente institucional,"Separadores o texto pueden preservar múltiples contactos, extensiones o estructura histórica útil."
18-01-0365-46,79524680-59864686,no_numerico,formato_no_numerico_con_estructura,conservar_y_documentar,Conservar íntegro; interpretar con fuente institucional,"Separadores o texto pueden preservar múltiples contactos, extensiones o estructura histórica útil."
18-01-2828-46,52936124-79481614,no_numerico,formato_no_numerico_con_estructura,conservar_y_documentar,Conservar íntegro; interpretar con fuente institucional,"Separadores o texto pueden preservar múltiples contactos, extensiones o estructura histórica útil."
18-02-0389-46,5388633,numerico_longitud_incorrecta,numerico_longitud_7,requiere_fuente_institucional,Sin transformación automática,La longitud no permite inferir de forma inequívoca un teléfono válido de 8 dígitos.
18-03-2749-46,56253613-78209540,no_numerico,formato_no_numerico_con_estructura,conservar_y_documentar,Conservar íntegro; interpretar con fuente institucional,"Separadores o texto pueden preservar múltiples contactos, extensiones o estructura histórica útil."
18-04-0016-46,31089418-53230377,no_numerico,formato_no_numerico_con_estructura,conservar_y_documentar,Conservar íntegro; interpretar con fuente institucional,"Separadores o texto pueden preservar múltiples contactos, extensiones o estructura histórica útil."
18-04-0177-46,57362216-79476691,no_numerico,formato_no_numerico_con_estructura,conservar_y_documentar,Conservar íntegro; interpretar con fuente institucional,"Separadores o texto pueden preservar múltiples contactos, extensiones o estructura histórica útil."
18-04-0198-46,79480009-2018,no_numerico,formato_no_numerico_con_estructura,conservar_y_documentar,Conservar íntegro; interpretar con fuente institucional,"Separadores o texto pueden preservar múltiples contactos, extensiones o estructura histórica útil."
18-04-0246-46,53660792-55969273,no_numerico,formato_no_numerico_con_estructura,conservar_y_documentar,Conservar íntegro; interpretar con fuente institucional,"Separadores o texto pueden preservar múltiples contactos, extensiones o estructura histórica útil."
18-04-0380-46,53660792-55969273,no_numerico,formato_no_numerico_con_estructura,conservar_y_documentar,Conservar íntegro; interpretar con fuente institucional,"Separadores o texto pueden preservar múltiples contactos, extensiones o estructura histórica útil."
18-04-0415-46,79479407-77566525,no_numerico,formato_no_numerico_con_estructura,conservar_y_documentar,Conservar íntegro; interpretar con fuente institucional,"Separadores o texto pueden preservar múltiples contactos, extensiones o estructura histórica útil."
20-01-0028-46,66206263-79420025,no_numerico,formato_no_numerico_con_estructura,conservar_y_documentar,Conservar íntegro; interpretar con fuente institucional,"Separadores o texto pueden preservar múltiples contactos, extensiones o estructura histórica útil."
20-01-2349-46,59352245-79438029,no_numerico,formato_no_numerico_con_estructura,conservar_y_documentar,Conservar íntegro; interpretar con fuente institucional,"Separadores o texto pueden preservar múltiples contactos, extensiones o estructura histórica útil."
20-01-2352-46,59352245-79438029,no_numerico,formato_no_numerico_con_estructura,conservar_y_documentar,Conservar íntegro; interpretar con fuente institucional,"Separadores o texto pueden preservar múltiples contactos, extensiones o estructura histórica útil."
21-01-0108-46,79224958-79223033,no_numerico,formato_no_numerico_con_estructura,conservar_y_documentar,Conservar íntegro; interpretar con fuente institucional,"Separadores o texto pueden preservar múltiples contactos, extensiones o estructura histórica útil."
21-07-0133-46,5466347,numerico_longitud_incorrecta,numerico_longitud_7,requiere_fuente_institucional,Sin transformación automática,La longitud no permite inferir de forma inequívoca un teléfono válido de 8 dígitos.
22-01-0353-46,7846520,numerico_longitud_incorrecta,numerico_longitud_7,requiere_fuente_institucional,Sin transformación automática,La longitud no permite inferir de forma inequívoca un teléfono válido de 8 dígitos.
22-01-0420-46,7844007,numerico_longitud_incorrecta,numerico_longitud_7,requiere_fuente_institucional,Sin transformación automática,La longitud no permite inferir de forma inequívoca un teléfono válido de 8 dígitos.
22-01-0421-46,7844007,numerico_longitud_incorrecta,numerico_longitud_7,requiere_fuente_institucional,Sin transformación automática,La longitud no permite inferir de forma inequívoca un teléfono válido de 8 dígitos.
22-01-2133-46,"8441160, 8441331",no_numerico,formato_no_numerico_con_estructura,conservar_y_documentar,Conservar íntegro; interpretar con fuente institucional,"Separadores o texto pueden preservar múltiples contactos, extensiones o estructura histórica útil."
22-01-2134-46,"8441160, 8441331",no_numerico,formato_no_numerico_con_estructura,conservar_y_documentar,Conservar íntegro; interpretar con fuente institucional,"Separadores o texto pueden preservar múltiples contactos, extensiones o estructura histórica útil."
